[{"_id":"607632c54f562706be9b9180","orderId":"607632bd4f562706be9b917f","ice":true,"type":"ginger ale","size":"medium","created":"2021-04-14T00:09:41.335Z","updated":"2021-04-14T00:09:41.335Z","__v":0},{"_id":"607632db4f562706be9b9181","orderId":"607632bd4f562706be9b917f","protein":"vegan chorizo","veggie":"onions","cheese":true,"sauce":true,"size":"medium","created":"2021-04-14T00:10:03.714Z","updated":"2021-04-14T00:10:03.714Z","__v":0},{"_id":"607637584f562706be9b9183","orderId":"607637524f562706be9b9182","protein":"sausage","veggie":"onions","cheese":true,"sauce":false,"size":"medium","created":"2021-04-14T00:29:12.642Z","updated":"2021-04-14T00:29:12.642Z","__v":0},{"_id":"607637704f562706be9b9184","orderId":"607637524f562706be9b9182","ice":true,"type":"diet coke","size":"large","created":"2021-04-14T00:29:36.222Z","updated":"2021-04-14T00:29:36.222Z","__v":0},{"_id":"607637984f562706be9b9186","orderId":"607637934f562706be9b9185","protein":"pepperoni","cheese":true,"sauce":false,"size":"small","created":"2021-04-14T00:30:16.633Z","updated":"2021-04-14T00:30:16.633Z","__v":0}]