[{"_id":"6074bf2cd9ffb86caef9aa26","firstName":"Ryan","lastName":"Soderberg","email":"ryanjsoderberg@gmail.com","username":"rjsod","password":"ryan","dateOfBirth":"2000-02-29T00:00:00.000Z","created":"2021-04-12T21:44:12.524Z","updated":"2021-04-12T21:44:12.524Z","__v":0},{"_id":"607632ab4f562706be9b917e","firstName":"Will","lastName":"Kofski","email":"will.kofski@gmail.com","username":"wkofski","password":"11111111","dateOfBirth":"2019-11-11T00:00:00.000Z","created":"2021-04-14T00:09:15.749Z","updated":"2021-04-14T00:09:15.749Z","__v":0}]